Ticket_ID,Status,Scanned_By,Scan_Time
5ff28466,Valid,,
20166fec,Valid,,
bc044287,Valid,,
7b520eb2,Valid,,
a9ccc3c2,Valid,,
31bcf899,Valid,,
6be31a56,Valid,,
dc9b1566,Valid,,
86babfe5,Valid,,
1859508d,Valid,,
c2626ab2,Valid,,
6b33c346,Valid,,
7d78daa6,Valid,,
13b92cbc,Valid,,
0efefe0f,Valid,,
eb49b654,Valid,,
d749a40a,Valid,,
5df8eb82,Valid,,
f2f63994,Valid,,
6000573d,Valid,,
0edf7246,Valid,,
aafc490e,Valid,,
a35bc3e0,Valid,,
3681b964,Valid,,
f7833e8f,Valid,,
dc2fe78b,Valid,,
0a79abee,Valid,,
827bf8a8,Valid,,
d9b3cbc0,Valid,,
c0309fd7,Valid,,
d9a5bc17,Valid,,
faf0d540,Valid,,
7bbce114,Valid,,
53f6bca9,Valid,,
85f032f3,Valid,,
19199b3f,Valid,,
4537d50e,Valid,,
f7e7cdcf,Valid,,
411c82e0,Valid,,
8c189e2a,Valid,,
bea88560,Valid,,
22c80568,Valid,,
afc2a11a,Valid,,
8c5d2a29,Valid,,
bb421183,Valid,,
a386beb3,Valid,,
c33fefaf,Valid,,
edd82513,Valid,,
45b484a0,Valid,,
b2ed4fa0,Valid,,
e1990b95,Valid,,
6684130a,Valid,,
fd322c1d,Valid,,
c38001ae,Valid,,
f40e11ed,Valid,,
1cd0d0db,Valid,,
20b77829,Valid,,
1334540e,Valid,,
c27105f3,Valid,,
d8e9cd14,Valid,,
3ecae65d,Valid,,
efff3a28,Valid,,
3a7a4c3a,Valid,,
a242179d,Valid,,
ebdb3ca2,Valid,,
7b0e55cd,Valid,,
f2ff5ad5,Valid,,
b6e02f12,Valid,,
fb65d084,Valid,,
df63a856,Valid,,
10850803,Valid,,
bc0a38c0,Valid,,
333e4c34,Valid,,
ccbceb8c,Valid,,
4f391dfa,Valid,,
0a4be4e7,Valid,,
70cab914,Valid,,
89e9bd60,Valid,,
73677882,Valid,,
ed5e17ca,Valid,,
79d8bf4b,Valid,,
1756bc1b,Valid,,
9b712578,Valid,,
3185f9c2,Valid,,
fab96e3b,Valid,,
9900bd9f,Valid,,
ede4c855,Valid,,
7af8b780,Valid,,
a8e8b487,Valid,,
4b456431,Valid,,
f6f7ff81,Valid,,
6d456505,Valid,,
05899ed4,Valid,,
6262ef83,Valid,,
ea74cd20,Valid,,
46da2f50,Valid,,
019b5ad2,Valid,,
b64f3af8,Valid,,
2b45f909,Valid,,
2edd6cd9,Valid,,
4e12fbbf,Valid,,
8857b845,Valid,,
ed5b2f93,Valid,,
332634ca,Valid,,
aaf335c2,Valid,,
90da525b,Valid,,
1ecce442,Valid,,
6fefeba2,Valid,,
72a43271,Valid,,
242bed08,Valid,,
571e1884,Valid,,
24f61790,Valid,,
40e2d557,Valid,,
130c7f3b,Valid,,
af2dfaa6,Valid,,
d9956c94,Valid,,
98c9b677,Valid,,
25eb468c,Valid,,
f2ddc299,Valid,,
e5fdd194,Valid,,
cc9f6b0b,Valid,,
b9ece92c,Valid,,
0c5b9f12,Valid,,
eaec8ffe,Valid,,
a99a815b,Valid,,
b8918489,Valid,,
6d1e20ca,Valid,,
e91e9976,Valid,,
81b5003b,Valid,,
d19c7a6d,Valid,,
2e4201a9,Valid,,
cff12ba6,Valid,,
6743e1ea,Valid,,
fd1fd066,Valid,,
5a0bca68,Valid,,
5d17f8d8,Valid,,
80d61977,Valid,,
fc92fd0e,Valid,,
3a9b4d83,Valid,,
928dc365,Valid,,
08a4ddc7,Valid,,
92372223,Valid,,
089f4f89,Valid,,
a730e540,Valid,,
3a5c3bbb,Valid,,
83d95d03,Valid,,
ee9be716,Valid,,
6d4d2fb6,Valid,,
0f73e6ae,Valid,,
d4412c7b,Valid,,
b61d3dcc,Valid,,
039e0f4d,Valid,,
d2dba189,Valid,,
4705e6d0,Valid,,
6f03f6cf,Valid,,
426d86b3,Valid,,
2417ae97,Valid,,
993edf1f,Valid,,
64ead734,Valid,,
5a168f9e,Valid,,
73caa362,Valid,,
59c39317,Valid,,
e662579c,Valid,,
7b7d708f,Valid,,
dd554b6e,Valid,,
b828d338,Valid,,
52c3965d,Valid,,
0eccfab6,Valid,,
569efdbe,Valid,,
d7151913,Valid,,
3b91a94b,Valid,,
611e4520,Valid,,
1a2a962a,Valid,,
8503f4fc,Valid,,
3835ace5,Valid,,
6ead129d,Valid,,
fe1a28db,Valid,,
423b81d7,Valid,,
6faeafc9,Valid,,
60f8b034,Valid,,
d47e7c1a,Valid,,
73c9371b,Valid,,
18b1095c,Valid,,
56974509,Valid,,
9e59d9be,Valid,,
86d4cbfa,Valid,,
ce8a0ee0,Valid,,
463a9ae9,Valid,,
7974f11e,Valid,,
18c6d40c,Valid,,
1f4321c7,Valid,,
70f282eb,Valid,,
d090abb3,Valid,,
4d3ff95c,Valid,,
989ecd5e,Valid,,
36a65aa9,Valid,,
98d4c881,Valid,,
cb281a1c,Valid,,
3d038c47,Valid,,
7aba1895,Valid,,
c6981785,Valid,,
29b2dd5c,Valid,,
18dcf54b,Valid,,
a93098ef,Valid,,
59452797,Valid,,
77545965,Valid,,
7d53d762,Valid,,
11df8685,Valid,,
70ac8e58,Valid,,
709c7433,Valid,,
ede17912,Valid,,
df1f9917,Valid,,
8c8c0a7d,Valid,,
48db97a3,Valid,,
eda8ced7,Valid,,
c8ff08e6,Valid,,
413f02c0,Valid,,
f97e3cdf,Valid,,
929af778,Valid,,
1bcdc110,Valid,,
f4e2cd62,Valid,,
215083ec,Valid,,
e29374af,Valid,,
6a71676f,Valid,,
b2df9b06,Valid,,
036c72d0,Valid,,
19a3ffcc,Valid,,
10e04345,Valid,,
df96309d,Valid,,
ca810fcd,Valid,,
24ee1db5,Valid,,
327703c8,Valid,,
95d836d9,Valid,,
3b556d83,Valid,,
4ee541c5,Valid,,
66b3d203,Valid,,
49a3cb63,Valid,,
d39b3275,Valid,,
14384594,Valid,,
1d071496,Valid,,
2c2ef1cc,Valid,,
8c0bd40f,Valid,,
8e73491c,Valid,,
6029b823,Valid,,
ba9f16c4,Valid,,
27e0cbba,Valid,,
35b3b650,Valid,,
9267885c,Valid,,
a66843df,Valid,,
55883f68,Valid,,
ff536da1,Valid,,
6df4592c,Valid,,
5b5ede25,Valid,,
338aa17b,Valid,,
b9514b1d,Valid,,
0c9bc070,Valid,,
cffcf30c,Valid,,
1a36c3f8,Valid,,
ae2e814a,Valid,,
70ece936,Valid,,
99717961,Valid,,
f727caa8,Valid,,
6e4d49f9,Valid,,
e9f89709,Valid,,
2cc7ea29,Valid,,
b62c2b97,Valid,,
7aba2479,Valid,,
bcbb2a12,Valid,,
dc660356,Valid,,
ecf40a3b,Valid,,
cdfb6471,Valid,,
96eb959c,Valid,,
3aabc7c5,Valid,,
d91f47be,Valid,,
a1606c49,Valid,,
7d8c017e,Valid,,
ef591bf1,Valid,,
bcecd6e5,Valid,,
79591513,Valid,,
2b3b150a,Valid,,
19c411ab,Valid,,
7a4600a5,Valid,,
8cd21593,Valid,,
c1afd1cd,Valid,,
39079d45,Valid,,
092ac519,Valid,,
a9d9db15,Valid,,
9e039285,Valid,,
da6c0126,Valid,,
ea4fd2e6,Valid,,
d24e5ee2,Valid,,
a21b1bd7,Valid,,
57b7dfec,Valid,,
06474db1,Valid,,
53ab0239,Valid,,
0d538f54,Valid,,
747b51a0,Valid,,
d2671426,Valid,,
1f6b3435,Valid,,
c27005ff,Valid,,
137e5adb,Valid,,
dea0049d,Valid,,
c312f38d,Valid,,
e5a9945e,Valid,,
fb628028,Valid,,
a8a134d8,Valid,,
47c8e55c,Valid,,
b0ae9bbf,Valid,,
c592686f,Valid,,
96e40652,Valid,,
f7d7de2e,Valid,,
5c6d3594,Valid,,
96d56001,Valid,,
903f86b5,Valid,,
ec1b03f2,Valid,,
8e406a13,Valid,,
b54048f5,Valid,,
49493071,Valid,,
f102c775,Valid,,
6f44eaec,Valid,,
cb5d3520,Valid,,
16073525,Valid,,
ddf4dee2,Valid,,
e08e52d6,Valid,,
670f0a7e,Valid,,
8f8605b1,Valid,,
7f32c267,Valid,,
594abc41,Valid,,
791f629b,Valid,,
29b0accc,Valid,,
a6b3420b,Valid,,
092b6281,Valid,,
b5e3fb36,Valid,,
73f39ef5,Valid,,
c3b532b3,Valid,,
3196857d,Valid,,
2dd25561,Valid,,
fdf50e1d,Valid,,
72ca19cf,Valid,,
c39a2e9f,Valid,,
91ee42a8,Valid,,
d9ce77e9,Valid,,
506b39fe,Valid,,
65fcd60f,Valid,,
b677a429,Valid,,
c68be59c,Valid,,
32640a9f,Valid,,
1ed40304,Valid,,
0215d725,Valid,,
971476a2,Valid,,
a459200f,Valid,,
e6e675bd,Valid,,
1f597c02,Valid,,
f1298a49,Valid,,
b256804c,Valid,,
fac51d50,Valid,,
40a660af,Valid,,
d9f6ede3,Valid,,
7473e078,Valid,,
c540c07b,Valid,,
4a8a6aa8,Valid,,
02317447,Valid,,
b93bc2f7,Valid,,
5f4e8af4,Valid,,
c9735789,Valid,,
b503d30a,Valid,,
fc9ee59c,Valid,,
dd28a81e,Valid,,
d0f3c2be,Valid,,
dfd83991,Valid,,
0d0305fd,Valid,,
d1ec625b,Valid,,
5ba7a5cb,Valid,,
04eae725,Valid,,
c99cfa12,Valid,,
80acd74a,Valid,,
e8323dc3,Valid,,
3db56438,Valid,,
ac9867e2,Valid,,
1527fe70,Valid,,
005a32d7,Valid,,
c25bbdb1,Valid,,
5f47f774,Valid,,
17d9b724,Valid,,
f04893e1,Valid,,
95bf54c5,Valid,,
6643b478,Valid,,
14d105d3,Valid,,
0046cb2d,Valid,,
6b998ac9,Valid,,
a9da1019,Valid,,
475dd9de,Valid,,
06c57924,Valid,,
21f5c2fc,Valid,,
4be181a2,Valid,,
2b74dd7b,Valid,,
53f910b1,Valid,,
91c5836f,Valid,,
666ba6a8,Valid,,
bb6d9f59,Valid,,
08881a19,Valid,,
33cdaaf9,Valid,,
6b1e9a8b,Valid,,
2a9c9f12,Valid,,
ea9c6336,Valid,,
59b10da5,Valid,,
edf92dea,Valid,,
c990c90c,Valid,,
90a74332,Valid,,
a46734e4,Valid,,
49a2e7df,Valid,,
1634d132,Valid,,
178e96c5,Valid,,
fca1ad1d,Valid,,
cbd4463a,Valid,,
4d515b67,Valid,,
8173b8e2,Valid,,
6ce6563c,Valid,,
c4e3ee93,Valid,,
f6ffa6f6,Valid,,
f1870cae,Valid,,
bf3e4fae,Valid,,
f9ec113f,Valid,,
301ebc6f,Valid,,
460c9896,Valid,,
064c0bb7,Valid,,
e799c644,Valid,,
16dbf9fd,Valid,,
40ceb1b9,Valid,,
dae6f72d,Valid,,
7abaf795,Valid,,
f4feb9f6,Valid,,
1168669b,Valid,,
62f71f59,Valid,,
3fd67fd5,Valid,,
d87a9e85,Valid,,
1d68f919,Valid,,
74afb20f,Valid,,
00d0b8fc,Valid,,
81fb1ea5,Valid,,
d38f6efe,Valid,,
fd810445,Valid,,
7eb8f16f,Valid,,
a30fe633,Valid,,
1ed9d2b6,Valid,,
fa30b73c,Valid,,
d0519ec9,Valid,,
c8ac1e36,Valid,,
fef83385,Valid,,
2c083c77,Valid,,
fefafb17,Valid,,
3f1f842e,Valid,,
63c9a8a7,Valid,,
ac8e8e1a,Valid,,
9ec40972,Valid,,
910b8a7b,Valid,,
bb8a4f5e,Valid,,
6c8d943d,Valid,,
7d94701f,Valid,,
52347968,Valid,,
1229d7a5,Valid,,
87740889,Valid,,
440eacae,Valid,,
95d23928,Valid,,
1a70e017,Valid,,
5f61080f,Valid,,
bece02a4,Valid,,
df37f282,Valid,,
4e47ae1f,Valid,,
0b2a6fd4,Valid,,
07927ec6,Valid,,
3701cb41,Valid,,
1ba3f4a8,Valid,,
a23dc9c6,Valid,,
65583ace,Valid,,
17875ec2,Valid,,
9e72c13b,Valid,,
fc2ae422,Valid,,
6dddc4de,Valid,,
120d0db5,Valid,,
93e57147,Valid,,
a30d68a2,Valid,,
e65385dd,Valid,,
dc4e2884,Valid,,
dada02f5,Valid,,
d0105832,Valid,,
0b4a03f6,Valid,,
c670074e,Valid,,
b97a2114,Valid,,
733544bc,Valid,,
33fe31c3,Valid,,
7ec666cb,Valid,,
009be7e6,Valid,,
9e056e7c,Valid,,
0c97a286,Valid,,
b8c82c64,Valid,,
d9aadca6,Valid,,
507c209c,Valid,,
b1cbcd83,Valid,,
71526ffc,Valid,,
97da63d5,Valid,,
b87e76f7,Valid,,
18f613e2,Valid,,
8d4e6f55,Valid,,
ae4e12c2,Valid,,
27724134,Valid,,
725049c3,Valid,,
f9b4139b,Valid,,
0f2e2ced,Valid,,
f2641ee0,Valid,,
6a5e7551,Valid,,
d6464575,Valid,,
dc75549d,Valid,,
476d99fe,Valid,,
928c565b,Valid,,
79fdaf6e,Valid,,
f9e26b62,Valid,,
c905bb42,Valid,,
8ad8e116,Valid,,
8117d7a0,Valid,,
af008d4d,Valid,,
7470865f,Valid,,
d4a0103a,Valid,,
54b07162,Valid,,
936b560b,Valid,,
5f942dbf,Valid,,
b87bbd3a,Valid,,
ba9860e5,Valid,,
6177eab5,Valid,,
5a218142,Valid,,
0cf37e8a,Valid,,
fbb983b9,Valid,,
d01b4287,Valid,,
ee07e283,Valid,,
f84f6062,Valid,,
8c966244,Valid,,
b7a9fada,Valid,,
87cf5c3b,Valid,,
c99e3fcd,Valid,,
c1116bf6,Valid,,
191fc463,Valid,,
a3b5c5bf,Valid,,
8ba019c5,Valid,,
fcfcc9eb,Valid,,
777a0f59,Valid,,
d4625b90,Valid,,
97990b07,Valid,,
88e8c30d,Valid,,
8e90980d,Valid,,
7776640d,Valid,,
b546506d,Valid,,
3346cff3,Valid,,
936278f7,Valid,,
ad891376,Valid,,
9546997a,Valid,,
a26d9e75,Valid,,
c90796bc,Valid,,
b7d4c793,Valid,,
b675bab7,Valid,,
7edd6652,Valid,,
0c82690d,Valid,,
8c42d8c0,Valid,,
286c928f,Valid,,
3c57d9a7,Valid,,
000765dc,Valid,,
3c7c454e,Valid,,
a66f1e69,Valid,,
af5093eb,Valid,,
123a70e3,Valid,,
b5b42e34,Valid,,
44b716db,Valid,,
453682f9,Valid,,
58d8a264,Valid,,
44e29bfb,Valid,,
61cb008b,Valid,,
1d6c93a6,Valid,,
36d06608,Valid,,
4c650885,Valid,,
36d7d03f,Valid,,
697cd42e,Valid,,
c2a5b3a9,Valid,,
76b34f05,Valid,,
3d77fa29,Valid,,
dd73f183,Valid,,
e4857875,Valid,,
c0707f77,Valid,,
051fd34f,Valid,,
d60eb411,Valid,,
d8be7a61,Valid,,
43d5dffd,Valid,,
c2e6b47c,Valid,,
9b2c28df,Valid,,
eed9fe1c,Valid,,
40feac84,Valid,,
5ea48dd9,Valid,,
fae1152f,Valid,,
408788be,Valid,,
a1d509eb,Valid,,
f0ba5297,Valid,,
c024612a,Valid,,
9b84e1a9,Valid,,
2c550838,Valid,,
12441f6d,Valid,,
c9269750,Valid,,
5aa36cfd,Valid,,
0573effd,Valid,,
9d77e96b,Valid,,
d2a3e32a,Valid,,
7e93c89e,Valid,,
f05e78e7,Valid,,
4210e5a8,Valid,,
d7b94300,Valid,,
50c18b9f,Valid,,
dfc9e1dd,Valid,,
e74a7e76,Valid,,
765a6576,Valid,,
64d5bf30,Valid,,
82988e60,Valid,,
969261b3,Valid,,
cf2474d3,Valid,,
5f5083cf,Valid,,
959b3985,Valid,,
01c82644,Valid,,
731d0b37,Valid,,
06b5a4e6,Valid,,
23baefae,Valid,,
3fcb6798,Valid,,
af1919ac,Valid,,
4da6a66d,Valid,,
7576f9e8,Valid,,
b5f41f16,Valid,,
49689405,Valid,,
66da1e9a,Valid,,
b29bb416,Valid,,
f06e5340,Valid,,
b559b95b,Valid,,
46348d64,Valid,,
00409022,Valid,,
6bb17572,Valid,,
7635bc48,Valid,,
6479b59d,Valid,,
f20b1ed5,Valid,,
49872656,Valid,,
507c78a7,Valid,,
02e8cf58,Valid,,
2a0907d1,Valid,,
60a5aa5d,Valid,,
da892a5d,Valid,,
3661fdbe,Valid,,
df32b05b,Valid,,
16e82574,Valid,,
ba0bb577,Valid,,
ebb56d34,Valid,,
d439c197,Valid,,
3e50c1e8,Valid,,
d14aac4d,Valid,,
93f98148,Valid,,
bbeeacc6,Valid,,
6e9bf6f2,Valid,,
842747ba,Valid,,
0a9b99ae,Valid,,
8a26ba2e,Valid,,
3470b80e,Valid,,
6221cdb4,Valid,,
98c43702,Valid,,
1bf01508,Valid,,
1036da5b,Valid,,
ee248bf9,Valid,,
f3b37577,Valid,,
e8e7e832,Valid,,
9d438898,Valid,,
b76adb3a,Valid,,
ba1c55c2,Valid,,
67259255,Valid,,
cd4224b9,Valid,,
1a37830b,Valid,,
dd315131,Valid,,
9bcfa772,Valid,,
66a4d29d,Valid,,
90fd7e38,Valid,,
932d6190,Valid,,
8bebc87b,Valid,,
e646bf6c,Valid,,
b7316d1d,Valid,,
c022e961,Valid,,
df08152b,Valid,,
3d355a65,Valid,,
a20eb48b,Valid,,
a5b2c2f6,Valid,,
bcb17a01,Valid,,
0c9b8701,Valid,,
31349e7c,Valid,,
4dc07e2c,Valid,,
c838723c,Valid,,
74654556,Valid,,
30ffab6f,Valid,,
6a41e820,Valid,,
aa6e627f,Valid,,
44370dc1,Valid,,
1accbcd4,Valid,,
d9e92e26,Valid,,
024b2aa6,Valid,,
ceee009d,Valid,,
6155e684,Valid,,
68cb2824,Valid,,
5f38b6d7,Valid,,
aeb351b3,Valid,,
813b13f9,Valid,,
8aa479f0,Valid,,
91a9ece3,Valid,,
854aea38,Valid,,
2272d7e3,Valid,,
6e13226c,Valid,,
4e4a3946,Valid,,
d74eb3ea,Valid,,
ac4fc66b,Valid,,
b3c1e573,Valid,,
2c5a350e,Valid,,
0fd887b4,Valid,,
8e830294,Valid,,
8e83e437,Valid,,
3e39c135,Valid,,
12c68bd2,Valid,,
ad7c4f03,Valid,,
4438a64b,Valid,,
21466f5e,Valid,,
0f331f78,Valid,,
f14a21a1,Valid,,
bb07374e,Valid,,
e6eef0d6,Valid,,
cbfbda81,Valid,,
10e50e98,Valid,,
3335e4e8,Valid,,
eb19f4f8,Valid,,
e2acc73f,Valid,,
e38f0546,Valid,,
3faaecdb,Valid,,
bba090b2,Valid,,
e8b1a980,Valid,,
7f93efda,Valid,,
d21bac35,Valid,,
b08764ec,Valid,,
4eebf8f9,Valid,,
ad0632e1,Valid,,
122ffba9,Valid,,
ef482215,Valid,,
2a6c1c46,Valid,,
efaf91b8,Valid,,
1ff8a015,Valid,,
37500a54,Valid,,
693648a2,Valid,,
3fe28a23,Valid,,
4861472d,Valid,,
f9618e97,Valid,,
74495f8b,Valid,,
083fe07b,Valid,,
4f3134ff,Valid,,
1ae08e2d,Valid,,
e019ee66,Valid,,
090448b4,Valid,,
8a4ef017,Valid,,
05bcf95b,Valid,,
c57392a0,Valid,,
10ebde72,Valid,,
22a7a43a,Valid,,
c53039ab,Valid,,
f27d6717,Valid,,
99b13c84,Valid,,
79a065a1,Valid,,
b2b11b0c,Valid,,
a653aa2c,Valid,,
68e84b92,Valid,,
0e201cf0,Valid,,
e79821e8,Valid,,
54ea8eed,Valid,,
bb6fc2d7,Valid,,
d47e070f,Valid,,
6e57ca5a,Valid,,
90e9c2bc,Valid,,
6e4671b0,Valid,,
d80fe412,Valid,,
bedbd184,Valid,,
fdc82074,Valid,,
ff61d8a0,Valid,,
ba302a18,Valid,,
b3010f0b,Valid,,
437ea3ce,Valid,,
cbe662e4,Valid,,
2381073a,Valid,,
f9440f0e,Valid,,
6f189ec6,Valid,,
657140b1,Valid,,
b6df1fb4,Valid,,
1994f0db,Valid,,
bffcb3a0,Valid,,
7eeadd8d,Valid,,
9d4d436a,Valid,,
e0a674d2,Valid,,
09c0a327,Valid,,
e609bce3,Valid,,
0d71fc9e,Valid,,
99082ee0,Valid,,
cde04200,Valid,,
4eb678bf,Valid,,
8e3f6360,Valid,,
55329335,Valid,,
37766f92,Valid,,
b7e55b7d,Valid,,
c8a329d5,Valid,,
596013b6,Valid,,
3a0a9fa6,Valid,,
99e048a0,Valid,,
34260787,Valid,,
535315bc,Valid,,
8980d3d6,Valid,,
749f3f10,Valid,,
ea6edcdc,Valid,,
ec9c33f6,Valid,,
93fa433f,Valid,,
a9f85118,Valid,,
22548ab5,Valid,,
d7f0ba08,Valid,,
be2fa63e,Valid,,
c883baa2,Valid,,
56601485,Valid,,
c79747e8,Valid,,
f480e076,Valid,,
4fab2ca5,Valid,,
d7476ee4,Valid,,
6d94aa7e,Valid,,
da692886,Valid,,
9c5a8451,Valid,,
4f5176a5,Valid,,
a21abfab,Valid,,
5be6c07c,Valid,,
aea16ebf,Valid,,
67b87f04,Valid,,
b0a1add2,Valid,,
b939b3fb,Valid,,
0f604289,Valid,,
96a5b264,Valid,,
a7003cdc,Valid,,
3841da5d,Valid,,
1e1dade7,Valid,,
5a70fa7d,Valid,,
aaf31a6a,Valid,,
03a87852,Valid,,
ae5b09e8,Valid,,
861b916c,Valid,,
5744296b,Valid,,
f133b055,Valid,,
072c8650,Valid,,
87b90158,Valid,,
d89e0c96,Valid,,
820d78f6,Valid,,
6b8b4974,Valid,,
e43836b6,Valid,,
196766bb,Valid,,
0ac55654,Valid,,
9f135ccd,Valid,,
5b1b7d09,Valid,,
127f8a78,Valid,,
8fa8e0a0,Valid,,
4057dc2f,Valid,,
bb3439f5,Valid,,
5789cd12,Valid,,
1147410d,Valid,,
4c290e93,Valid,,
5a8a7614,Valid,,
04970d1b,Valid,,
9b3ce640,Valid,,
d6d057c0,Valid,,
51f1799d,Valid,,
2b6cbd4e,Valid,,
732c45bd,Valid,,
d5e6cf69,Valid,,
9059a4ef,Valid,,
6335cacf,Valid,,
edbce0ef,Valid,,
0a568c14,Valid,,
0d06caa8,Valid,,
638c1412,Valid,,
b5ec1219,Valid,,
8448cdb6,Valid,,
12f6dc91,Valid,,
021c820a,Valid,,
47dd9cab,Valid,,
ed05271d,Valid,,
115009b6,Valid,,
a52ddf4c,Valid,,
6ac24868,Valid,,
50cf03df,Valid,,
9e8a3442,Valid,,
3870c9da,Valid,,
c9df2a05,Valid,,
ca6b2ba0,Valid,,
284e68e2,Valid,,
a6ffef7f,Valid,,
8fc88f75,Valid,,
beca7584,Valid,,
9a942c78,Valid,,
8f300e1a,Valid,,
6f97315c,Valid,,
b86141af,Valid,,
6af6fb1e,Valid,,
309867ad,Valid,,
6ea3783d,Valid,,
8acaf047,Valid,,
9b60ebf8,Valid,,
8f83b962,Valid,,
c948f879,Valid,,
987b5439,Valid,,
a1e360ee,Valid,,
6c44945a,Valid,,
cc9e6662,Valid,,
f4d594c2,Valid,,
f0afd850,Valid,,
05df7906,Valid,,
2b27dcaa,Valid,,
17790c6b,Valid,,
c91252ef,Valid,,
9f3749e5,Valid,,
f6d00d49,Valid,,
95c3d03a,Valid,,
1d47a749,Valid,,
376d980b,Valid,,
a97c98a6,Valid,,
65481f82,Valid,,
4d8cb841,Valid,,
d64cb3e2,Valid,,
7fb90bb3,Valid,,
ae835287,Valid,,
80c4908f,Valid,,
f5b775fe,Valid,,
4bc29de2,Valid,,
97d2f028,Valid,,
f2df33fc,Valid,,
66207bc0,Valid,,
6b54d7b9,Valid,,
b3f14fb8,Valid,,
f3e430d9,Valid,,
f4db0f65,Valid,,
af011839,Valid,,
8bceb8ac,Valid,,
aae6a7bc,Valid,,
025f7147,Valid,,
4d3856f2,Valid,,
354b09d6,Valid,,
2c311cad,Valid,,
897ba1e9,Valid,,
247ea3d3,Valid,,
879d4ac1,Valid,,
e692e817,Valid,,
afd24e4e,Valid,,
c7b9bf41,Valid,,
8ce07463,Valid,,
75b8ddfb,Valid,,
a5ac42de,Valid,,
240e8c3f,Valid,,
c6235175,Valid,,
65b4bb12,Valid,,
40ac7071,Valid,,
95e84c43,Valid,,
5d51a3e3,Valid,,
63424ebf,Valid,,
3897492a,Valid,,
be951ed4,Valid,,
a1397106,Valid,,
b1c35c47,Valid,,
c422b8f9,Valid,,
554baa30,Valid,,
aac2a4b7,Valid,,
5cddf054,Valid,,
acaa756f,Valid,,
9737b558,Valid,,
d13bdcf7,Valid,,
55e7740f,Valid,,
1e4390b5,Valid,,
004ef1c9,Valid,,
358a127f,Valid,,
13ad420b,Valid,,
1445b347,Valid,,
8b828386,Valid,,
61587c8f,Valid,,
27c1cc81,Valid,,
0ac375a3,Valid,,
bd780584,Valid,,
552aedb4,Valid,,
a0509f0e,Valid,,
ca7f0b24,Valid,,
d0695c55,Valid,,
726cee27,Valid,,
e249e368,Valid,,
b22e0a0b,Valid,,
ab1e72b6,Valid,,
02b1dde0,Valid,,
f4ba17de,Valid,,
818751f9,Valid,,
d19f4ba5,Valid,,
fc539791,Valid,,
c2f4733c,Valid,,
083f8830,Valid,,
2a5eb4cd,Valid,,
48cf210c,Valid,,
876010b4,Valid,,
751b61cc,Valid,,
e3c6c047,Valid,,
b2db14f3,Valid,,
be27619d,Valid,,
aa5bf823,Valid,,
7b4dd3eb,Valid,,
e79376c9,Valid,,
8dc5c383,Valid,,
a64c883b,Valid,,
36f5d659,Valid,,
4b37f0b9,Valid,,
b93ee09a,Valid,,
424850ab,Valid,,
8de0f041,Valid,,
8f0ba2e5,Valid,,
895d1520,Valid,,
aa535b91,Valid,,
04b0d14a,Valid,,
6279a787,Valid,,
1018b385,Valid,,
95eac1ab,Valid,,
54ebe3bf,Valid,,
0bea74ec,Valid,,
a23afc42,Valid,,
f0b1638b,Valid,,
e6f0e5ba,Valid,,
48cc00dd,Valid,,
1197a2bd,Valid,,
e32ba335,Valid,,
a94a7644,Valid,,
62e96e18,Valid,,
abe3e77c,Valid,,
c251896b,Valid,,
acedc18c,Valid,,
cb3f7651,Valid,,
55643d84,Valid,,
22341f5a,Valid,,
f7a63350,Valid,,
3b96511a,Valid,,
6833dcd7,Valid,,
91bde582,Valid,,
d2ff9bea,Valid,,
f02edd47,Valid,,
d8224014,Valid,,
07c21c90,Valid,,
eef1618f,Valid,,
59ddd55b,Valid,,
abf9a252,Valid,,
b49bfeaf,Valid,,
bb35ad5c,Valid,,
519d5ead,Valid,,
6edb6f2f,Valid,,
3d5c64e1,Valid,,
16ca7c04,Valid,,
f34b4cf2,Valid,,
c023f140,Valid,,
ff5b908e,Valid,,
fa45e0a9,Valid,,
ac3340ab,Valid,,
173b2ffa,Valid,,
55b470e3,Valid,,
2cb0d641,Valid,,
0bb406aa,Valid,,
442043ac,Valid,,
daae550b,Valid,,
683fb3cf,Valid,,
663af118,Valid,,
e195f345,Valid,,
336ce7b4,Valid,,
0c0fc171,Valid,,
d4b7886e,Valid,,
2ea51d1b,Valid,,
6db3a7ca,Valid,,
4ecd004f,Valid,,
d948e307,Valid,,
b8aa7b71,Valid,,
47f79884,Valid,,
8d26aed5,Valid,,
8ffadc30,Valid,,
9b1c0331,Valid,,
2c32d7ac,Valid,,
7fc377e6,Valid,,
d632c13b,Valid,,
07f41c38,Valid,,
0418202d,Valid,,
90182bad,Valid,,
19849cbd,Valid,,
8f727ab5,Valid,,
f5980da1,Valid,,
7f0e910b,Valid,,
b2c62247,Valid,,
a2b33e84,Valid,,
d1f86bf2,Valid,,
10398e78,Valid,,
a125d53a,Valid,,
e871a0ab,Valid,,
993ab347,Valid,,
25db283f,Valid,,
d5bd61dd,Valid,,
bdd9f67e,Valid,,
fbdaa000,Valid,,
4b60c228,Valid,,
51c2282d,Valid,,
06b4a209,Valid,,
df3f7525,Valid,,
690adaf7,Valid,,
c7545966,Valid,,
0eaf829a,Valid,,
e0877fec,Valid,,
94609b56,Valid,,
9b3a892f,Valid,,
1ec9472d,Valid,,
4de50535,Valid,,
b56c21c7,Valid,,
4d02cecb,Valid,,
363654d5,Valid,,
a2c952b7,Valid,,
8717081b,Valid,,
d3d5610b,Valid,,
83ad8a2e,Valid,,
8b3f1cd6,Valid,,
4f077f90,Valid,,
607b80f7,Valid,,
b649295c,Valid,,
1e07e7c6,Valid,,
e6937268,Valid,,
f7dd4ef6,Valid,,
7aceb4d5,Valid,,
9690242c,Valid,,
3c139ce0,Valid,,
8825912a,Valid,,
8001c39a,Valid,,
373cfcf1,Valid,,
d954a572,Valid,,
a2985c55,Valid,,
8418f5c2,Valid,,
762c2952,Valid,,
8edf4ba5,Valid,,
e975e3b4,Valid,,
475737e4,Valid,,
3258afdb,Valid,,
9134c876,Valid,,
a0876bdb,Valid,,
664f4d23,Valid,,
6ac27ada,Valid,,
aac9a3fa,Valid,,
b4678d20,Valid,,
d3a93e11,Valid,,
6a06a021,Valid,,
dfe97f74,Valid,,
b7285c28,Valid,,
533a8911,Valid,,
5a8f398f,Valid,,
05c2f99c,Valid,,
aeaf088f,Valid,,
5a8b5a9c,Valid,,
9802cc92,Valid,,
dbc1958c,Valid,,
b04a836f,Valid,,
06fb84cb,Valid,,
07b79e7c,Valid,,
a278b16c,Valid,,
1df45f08,Valid,,
64872567,Valid,,
7dba7b9e,Valid,,
b667dd67,Valid,,
a33e0706,Valid,,
07250ae6,Valid,,
8388f9c6,Valid,,
2a9534fe,Valid,,
7b4e30fa,Valid,,
1e342d75,Valid,,
2c5eca66,Valid,,
fa68a11e,Valid,,
8b31b5e0,Valid,,
52528957,Valid,,
ac2142be,Valid,,
067ef002,Valid,,
811e6854,Valid,,
4b2a017e,Valid,,
adc0a741,Valid,,
f24398a7,Valid,,
1e7b8e33,Valid,,
9c38c257,Valid,,
9fcd6615,Valid,,
3bf7b32f,Valid,,
90d28049,Valid,,
28cecf5d,Valid,,
0046bc1d,Valid,,
34e5cd71,Valid,,
ecaa0495,Valid,,
c805d23c,Valid,,
84d8e1d6,Valid,,
4abd30aa,Valid,,
bb52f48e,Valid,,
be743e2c,Valid,,
0e924cdd,Valid,,
ef233937,Valid,,
78ef0240,Valid,,
78b9cbd0,Valid,,
b43fbbec,Valid,,
0d55eb0e,Valid,,
888abce1,Valid,,
d7dfd019,Valid,,
93b13b4b,Valid,,
42e22ed6,Valid,,
fc451de0,Valid,,
7c066aca,Valid,,
2f47b900,Valid,,
80b87783,Valid,,
06a3f598,Valid,,
df8bfa2a,Valid,,
bdc875c8,Valid,,
3c9cfd31,Valid,,
9027fcbd,Valid,,
39873117,Valid,,
52b7e671,Valid,,
f254eddb,Valid,,
7db3bdce,Valid,,
b19a172b,Valid,,
aa52895a,Valid,,
a7dd048d,Valid,,
3c7064bd,Valid,,
32769ff4,Valid,,
a6bb2ee0,Valid,,
411d62a5,Valid,,
59f56945,Valid,,
5bc716bf,Valid,,
0e28a474,Valid,,
f9d6310a,Valid,,
106dc495,Valid,,
bc3004b5,Valid,,
a365bba6,Valid,,
a19f2d43,Valid,,
23e15e13,Valid,,
07ca4e83,Valid,,
7ccbef08,Valid,,
df936353,Valid,,
fdb65e45,Valid,,
473830a0,Valid,,
8a0b5e3b,Valid,,
9aa74999,Valid,,
609e8474,Valid,,
efd3531b,Valid,,
c466dbba,Valid,,
ce533798,Valid,,
507e6cda,Valid,,
a53b52d4,Valid,,
7c92cdb5,Valid,,
1be0c166,Valid,,
0ac15d51,Valid,,
4d752d7f,Valid,,
96d8b9b0,Valid,,
68bb1531,Valid,,
1674dea5,Valid,,
23f82e62,Valid,,
707040c8,Valid,,
f87486ee,Valid,,
1353fe39,Valid,,
beffe244,Valid,,
86543e5f,Valid,,
fddcbad3,Valid,,
96a217e2,Valid,,
8d771e86,Valid,,
1db7d512,Valid,,
10501793,Valid,,
cf81e805,Valid,,
85f47cf0,Valid,,
9455e1ec,Valid,,
77c8f55c,Valid,,
88c4402c,Valid,,
0af52f2f,Valid,,
be7a0c7f,Valid,,
37a24baa,Valid,,
e03a2ac1,Valid,,
c990c4e2,Valid,,
a506ee37,Valid,,
f1152adf,Valid,,
9aab9145,Valid,,
ed30c447,Valid,,
57eaffcd,Valid,,
08d1324b,Valid,,
5ffbd939,Valid,,
44f94951,Valid,,
6a9ce2f3,Valid,,
559f8d68,Valid,,
949abfbf,Valid,,
7c549c54,Valid,,
4b0fa471,Valid,,
eaaf7d25,Valid,,
24e26bd3,Valid,,
e85e4daa,Valid,,
ee45caf2,Valid,,
700ee101,Valid,,
c3b5eace,Valid,,
ff37b987,Valid,,
cf3f3925,Valid,,
828afb53,Valid,,
8997154e,Valid,,
f90b36b2,Valid,,
be89a0fc,Valid,,
0a2bc0ac,Valid,,
843b62b8,Valid,,
22e369c6,Valid,,
9b0cb904,Valid,,
a575b4e6,Valid,,
05072df3,Valid,,
a247cf7e,Valid,,
1688aa7d,Valid,,
a1d061da,Valid,,
701cf546,Valid,,
4e40749a,Valid,,
aa808bb9,Valid,,
4d23f9f3,Valid,,
3b2c738f,Valid,,
2c881888,Valid,,
6b34bafa,Valid,,
5020df44,Valid,,
463f9a13,Valid,,
2a6714cb,Valid,,
5c173770,Valid,,
5cc1b14e,Valid,,
b2d536ab,Valid,,
fa387a8c,Valid,,
6f10c77d,Valid,,
f9699ed8,Valid,,
f9a50b24,Valid,,
9e00d4b6,Valid,,
f22dc04e,Valid,,
a6d024d1,Valid,,
82d56355,Valid,,
fd2f6557,Valid,,
9cc1dcf9,Valid,,
178f7cf0,Valid,,
cd9cc794,Valid,,
783a3c53,Valid,,
27b63355,Valid,,
3513b2ed,Valid,,
647e7473,Valid,,
895501c8,Valid,,
9226de81,Valid,,
634e322d,Valid,,
e3c192be,Valid,,
6dc749c7,Valid,,
658e02c1,Valid,,
dfcc2c1f,Valid,,
bb96b979,Valid,,
a4e81b27,Valid,,
62bb1c23,Valid,,
12140922,Valid,,
510183b2,Valid,,
50883e94,Valid,,
5260898b,Valid,,
5c1d73ec,Valid,,
8aa6bc04,Valid,,
ea049b06,Valid,,
e7510f7b,Valid,,
921c20db,Valid,,
fba7c940,Valid,,
e3ac527b,Valid,,
8438cdd1,Valid,,
0f73c3ab,Valid,,
276e03b4,Valid,,
7b76f8fe,Valid,,
1b7f6b47,Valid,,
8f711a89,Valid,,
3f8acb4f,Valid,,
3a93a26b,Valid,,
7633bc8e,Valid,,
36e3b989,Valid,,
e1755bb0,Valid,,
32b6cfce,Valid,,
7fe15e7e,Valid,,
9394f042,Valid,,
7dc3aed9,Valid,,
df57e98a,Valid,,
b8c6da92,Valid,,
51cb9539,Valid,,
d2347747,Valid,,
1fdf4a2c,Valid,,
b0fbf731,Valid,,
4f389a43,Valid,,
9de4e73d,Valid,,
340f5888,Valid,,
76c7b3d5,Valid,,
46988318,Valid,,
751b06ba,Valid,,
7ab6fb6b,Valid,,
9748bd54,Valid,,
111c749c,Valid,,
39d75a24,Valid,,
b77f689e,Valid,,
30076b61,Valid,,
f043f1d3,Valid,,
87787c3c,Valid,,
a32b005f,Valid,,
8303d3c1,Valid,,
c465d258,Valid,,
1b639e17,Valid,,
2255006d,Valid,,
59a851bc,Valid,,
e7630608,Valid,,
44effa24,Valid,,
4240a310,Valid,,
155195fe,Valid,,
e3e0be4c,Valid,,
7bfbd41b,Valid,,
c5e6fe16,Valid,,
2b7c37d5,Valid,,
c677d55d,Valid,,
138915a8,Valid,,
ee5307f7,Valid,,
f85b4c94,Valid,,
738480f4,Valid,,
c366ad9a,Valid,,
d2c878a7,Valid,,
a07501e6,Valid,,
7d50006a,Valid,,
c4e26941,Valid,,
bd300bea,Valid,,
742d0557,Valid,,
da430051,Valid,,
027ffbfb,Valid,,
15db1841,Valid,,
809e34ab,Valid,,
9c4ae420,Valid,,
54180c53,Valid,,
d07ec269,Valid,,
9fc78f36,Valid,,
b474a6a7,Valid,,
261b3872,Valid,,
50c77d54,Valid,,
8b9fd51f,Valid,,
261a7f2b,Valid,,
3ee98c4f,Valid,,
44d57125,Valid,,
fd5a51a9,Valid,,
73d46d8a,Valid,,
93a936f6,Valid,,
0d0837ac,Valid,,
294d776f,Valid,,
d0a62eb2,Valid,,
783663a4,Valid,,
8ea6bd56,Valid,,
351ccfda,Valid,,
c896b8b3,Valid,,
ab23a00f,Valid,,
b12d0e3c,Valid,,
28ff6358,Valid,,
fe96f722,Valid,,
b49ae708,Valid,,
fdde8a00,Valid,,
d906ef54,Valid,,
1366ce08,Valid,,
09655d32,Valid,,
4841f901,Valid,,
89989995,Valid,,
4ca46a73,Valid,,
52c489b1,Valid,,
9b692c10,Valid,,
9bceecfd,Valid,,
6512e910,Valid,,
fc8ce46e,Valid,,
168e943f,Valid,,
ff22eb78,Valid,,
1f3261f0,Valid,,
d7626924,Valid,,
f5e421e0,Valid,,
46809067,Valid,,
7b6518ed,Valid,,
3a1b0abb,Valid,,
0dd92d26,Valid,,
47d41757,Valid,,
f0b4f569,Valid,,
1651ec71,Valid,,
f50be34e,Valid,,
71cedb5c,Valid,,
895f8a61,Valid,,
733bf334,Valid,,
47c10027,Valid,,
3bf47e96,Valid,,
ee6904f3,Valid,,
bf03b3ef,Valid,,
0690fd53,Valid,,
3e7ead0b,Valid,,
0e119261,Valid,,
ad92b6e7,Valid,,
978fe603,Valid,,
4f5679bf,Valid,,
1da4b5d7,Valid,,
650b0af6,Valid,,
2084338c,Valid,,
934c4373,Valid,,
a7b26a80,Valid,,
492d2f1b,Valid,,
